anime_id,title,author,episodes,release_year,genre,rating,main_theme
1,Bleach,Tite Kubo,366,2004,Action,9.1,Soul Reaper
2,Naruto,Masashi Kishimoto,220,2002,Adventure,8.4,Shonen
3,One Piece,Eiichiro Oda,1120,1999,Adventure,9.0,Pirate
4,My Hero Academia,Kohei Horikoshi,170,2016,Superhero,8.2,Hero
5,Attack on Titan,Hajime Isayama,89,2013,Dark Fantasy,9.0,Titan
6,Demon Slayer,Koyoharu Gotouge,63,2019,Action,8.6,Demon Slayer
7,Jujutsu Kaisen,Gege Akutami,58,2020,Supernatural,8.6,Sorcerer
8,Death Note,Tsugumi Ohba,37,2006,Psychological,8.9,Detective
9,Fullmetal Alchemist: Brotherhood,Hiromu Arakawa,64,2009,Fantasy,9.1,Alchemy
10,Hunter x Hunter,Yoshihiro Togashi,148,2011,Adventure,9.0,Hunter
11,Dragon Ball Z,Akira Toriyama,291,1989,Action,8.8,Saiyan
12,Tokyo Ghoul,Sui Ishida,48,2014,Dark Fantasy,7.7,Ghoul
13,Chainsaw Man,Tatsuki Fujimoto,12,2022,Action,8.5,Devil Hunter
14,Haikyuu!!,Haruichi Furudate,85,2014,Sports,8.7,Volleyball
15,Spy x Family,Tatsuya Endo,50,2022,Comedy,8.4,Spy