Name,Game,Role,Age,City,Level,Hours_Played,Favorite_Weapon
Aiden Pearce,Watch Dogs,Hacker,39,Chicago,42,187,Pistol
Marcus Holloway,Watch Dogs 2,Hacker,24,San Francisco,56,243,Taser
Wrench,Watch Dogs 2,Engineer,28,San Francisco,61,312,Grenade Launcher
Ellie,The Last of Us,Survivor,19,Jackson,73,421,Bow
Joel,The Last of Us,Survivor,56,Austin,81,508,Rifle
Arthur Morgan,Red Dead Redemption 2,Outlaw,36,Valentine,92,684,Revolver
Lara Croft,Tomb Raider,Explorer,29,London,67,355,Bow
Nathan Drake,Uncharted,Explorer,39,New York,74,392,Pistol
Geralt,The Witcher 3,Witcher,98,Kaer Morhen,88,731,Sword
Ciri,The Witcher 3,Witcher,21,Novigrad,79,487,Sword
V,Cyberpunk 2077,Mercenary,27,Night City,65,298,Katana
Johnny Silverhand,Cyberpunk 2077,Rockstar,34,Night City,71,376,Pistol